<?xml version="1.0" encoding="UTF-8"?>
<metadata xml:lang="en"><Esri><CreaDate>20160404</CreaDate><CreaTime>12275300</CreaTime><ArcGISFormat>1.0</ArcGISFormat><SyncOnce>TRUE</SyncOnce><DataProperties><itemProps><itemLocation><linkage Sync="TRUE">file://\\apollo.fewsnet.local\Mapfiles\Verified Shapefiles\KE\KE_Admin1_2013</linkage><protocol Sync="TRUE">Local Area Network</protocol></itemLocation></itemProps><copyHistory><copy source="M:\GNS_Names\Verified_Shapefiles (Updates_Open)\KE\2013\KE_Admin1_2013" dest="\\apollo.fewsnet.local\Mapfiles\Verified Shapefiles\KE\KE_Admin1_2013" date="20160404" time="12275300"></copy></copyHistory></DataProperties></Esri></metadata>
